"";"ngram";"target0";"target1";"ftarget0";"ftarget1";"decoded"
"1";"f_0";74;153;0,0348071495766698;0,0620941558441558;"f"
"2";"l_0";136;198;0,063969896519285;0,0803571428571429;"l"
"3";"f.a_0";9;25;0,00458015267175573;0,0107342206955775;"fa"
"4";"f.f_0";5;22;0,00254452926208651;0,0094461142121082;"ff"
"5";"v.g_0";9;34;0,00458015267175573;0,0145985401459854;"vg"
"6";"v.h_0";3;22;0,00152671755725191;0,0094461142121082;"vh"
"7";"f.l_0";3;19;0,00152671755725191;0,0081580077286389;"fl"
"8";"i.l_0";3;18;0,00152671755725191;0,0077286389008158;"il"
"9";"d.v_0";6;21;0,00305343511450382;0,0090167453842851;"dv"
"10";"l.v_0";10;30;0,00508905852417303;0,012881064834693;"lv"
"11";"f.a_1";9;25;0,00498891352549889;0,0113947128532361;"f_a"
"12";"v.a_1";5;22;0,00277161862527716;0,0100273473108478;"v_a"
"13";"a.f_1";9;34;0,00498891352549889;0,0154968094804011;"a_f"
"14";"l.f_1";3;22;0,0016629711751663;0,0100273473108478;"l_f"
"15";"v.f_1";3;19;0,0016629711751663;0,00865998176845944;"v_f"
"16";"d.g_1";3;18;0,0016629711751663;0,00820419325432999;"d_g"
"17";"y.r_1";6;21;0,00332594235033259;0,00957155879671832;"y_r"
"18";"e.v_1";10;30;0,00554323725055432;0,0136736554238833;"e_v"
"19";"l.v_1";9;25;0,00498891352549889;0,0113947128532361;"l_v"
"20";"y.v_1";6;17;0,00332594235033259;0,00774840474020055;"y_v"
"21";"v.a_2";9;25;0,00547778454047474;0,0121418164157358;"v__a"
"22";"f.e_2";5;22;0,00304321363359708;0,0106847984458475;"f__e"
"23";"l.f_2";9;34;0,00547778454047474;0,0165128703254007;"l__f"
"24";"e.g_2";3;22;0,00182592818015825;0,0106847984458475;"e__g"
"25";"h.k_2";3;19;0,00182592818015825;0,0092277804759592;"h__k"
"26";"v.q_2";3;18;0,00182592818015825;0,00874210781932977;"v__q"
"27";"i.r_2";6;21;0,00365185636031649;0,0101991257892181;"i__r"
"28";"a.t_2";10;30;0,00608642726719416;0,014570179698883;"a__t"
"29";"g.v_2";9;25;0,00547778454047474;0,0121418164157358;"g__v"
"30";"v.v_2";6;17;0,00365185636031649;0,00825643516270034;"v__v"
"31";"v.a_3";9;25;0,00607287449392713;0,012993762993763;"v___a"
"32";"f.d_3";5;22;0,00337381916329285;0,0114345114345114;"f___d"
"33";"l.f_3";9;34;0,00607287449392713;0,0176715176715177;"l___f"
"34";"a.g_3";3;22;0,00202429149797571;0,0114345114345114;"a___g"
"35";"h.l_3";3;19;0,00202429149797571;0,00987525987525988;"h___l"
"36";"e.s_3";3;18;0,00202429149797571;0,00935550935550936;"e___s"
"37";"f.v_3";6;21;0,00404858299595142;0,0109147609147609;"f___v"
"38";"v.v_3";10;30;0,0067476383265857;0,0155925155925156;"v___v"
"39";"f.f.a_0.0";5;19;0,00277161862527716;0,00865998176845944;"ffa"
"40";"f.a.e_0.0";5;19;0,00277161862527716;0,00865998176845944;"fae"
"41";"v.f.f_0.0";4;20;0,00221729490022173;0,00911577028258888;"vff"
"42";"l.v.f_0.0";5;21;0,00277161862527716;0,00957155879671832;"lvf"
"43";"v.h.h_0.0";2;15;0,00110864745011086;0,00683682771194166;"vhh"
"44";"h.h.q_0.0";2;15;0,00110864745011086;0,00683682771194166;"hhq"
"45";"v.g.s_0.0";2;15;0,00110864745011086;0,00683682771194166;"vgs"
"46";"e.d.v_0.0";1;15;0,000554323725055432;0,00683682771194166;"edv"
"47";"f.e.d_1.0";5;19;0,00304321363359708;0,0092277804759592;"f_ed"
"48";"f.a.e_1.0";5;19;0,00304321363359708;0,0092277804759592;"f_ae"
"49";"l.f.f_1.0";4;20;0,00243457090687766;0,00971345313258863;"l_ff"
"50";"e.v.g_1.0";5;21;0,00304321363359708;0,0101991257892181;"e_vg"
"51";"h.q.k_1.0";2;15;0,00121728545343883;0,00728508984944148;"h_qk"
"52";"v.h.q_1.0";2;15;0,00121728545343883;0,00728508984944148;"v_hq"
"53";"v.a.v_1.0";2;15;0,00121728545343883;0,00728508984944148;"v_av"
"54";"a.d.v_1.0";1;15;0,000608642726719416;0,00728508984944148;"a_dv"
"55";"v.g.v_1.0";1;0;0,000608642726719416;0;"v_gv"
"56";"v.f.a_0.1";5;19;0,00304321363359708;0,0092277804759592;"vf_a"
"57";"f.a.d_0.1";5;19;0,00304321363359708;0,0092277804759592;"fa_d"
"58";"f.f.e_0.1";4;20;0,00243457090687766;0,00971345313258863;"ff_e"
"59";"l.v.f_0.1";5;21;0,00304321363359708;0,0101991257892181;"lv_f"
"60";"e.d.g_0.1";2;15;0,00121728545343883;0,00728508984944148;"ed_g"
"61";"h.h.k_0.1";2;15;0,00121728545343883;0,00728508984944148;"hh_k"
"62";"h.q.l_0.1";2;15;0,00121728545343883;0,00728508984944148;"hq_l"
"63";"v.h.q_0.1";1;15;0,000608642726719416;0,00728508984944148;"vh_q"
"64";"a.e.v_0.1";1;0;0,000608642726719416;0;"ae_v"
"65";"l.f.a_1.1";5;19;0,00337381916329285;0,00987525987525988;"l_f_a"
"66";"f.a.d_1.1";5;19;0,00337381916329285;0,00987525987525988;"f_a_d"
"67";"v.f.e_1.1";4;20;0,00269905533063428;0,0103950103950104;"v_f_e"
"68";"q.l.f_1.1";5;21;0,00337381916329285;0,0109147609147609;"q_l_f"
"69";"h.q.l_1.1";2;15;0,00134952766531714;0,0077962577962578;"h_q_l"
"70";"e.v.s_1.1";2;15;0,00134952766531714;0,0077962577962578;"e_v_s"
"71";"f.e.v_1.1";2;15;0,00134952766531714;0,0077962577962578;"f_e_v"
